Image,Source,Label
1.jpg,http://i3.kym-cdn.com/photos/images/original/000/531/104/5a7.jpg,international
10.jpg,https://sphotos-b.xx.fbcdn.net/hphotos-prn1/547444_184260188390850_1795890126_n.jpg,clue
1038.jpg,http://files.gestionradioqc.com/news/picture/tiny_mce/Gomes-Jonny-baton-hommage-Twitter-middlebrooks.jpg,strong
1043.jpg,http://25.media.tumblr.com/79c5f43f9d8b54c11fa4b61fc69aa7d7/tumblr_mlbb8jO3Qq1rp50moo1_500.png,pray
1058.jpg,http://24.media.tumblr.com/tumblr_m1d1w1s1041qj7b9bo1_500.jpg,strong
108.jpg,http://i0.kym-cdn.com/photos/images/original/000/543/068/7e2.jpg,police
109.jpg,http://cdn.memegenerator.net/instances/250x250/37043775.jpg,blame
1092.jpg,http://images.huffingtonpost.com/2013-05-01-130502_delucq_autocuiseur_pt-thumb.jpg,police
11.jpg,http://i0.kym-cdn.com/photos/images/original/000/531/099/434.png,violent
110.jpg,http://cdn.memegenerator.net/instances/250x250/37031048.jpg,bomb
111.jpg,http://media.cagle.com/12/2013/04/16/130316_600.jpg,numbers
113.jpg,http://sphotos-b.xx.fbcdn.net/hphotos-prn1/s480x480/544340_10152734486685720_1924546824_n.jpg,police
118.jpg,http://cdn.ksk.uproxx.com/wp-content/uploads/2013/04/bostoncity.png,city
12.jpg,http://www.secretsofthefed.com/wp-content/uploads/2013/04/YOU-DUN-GOOFED.jpg,clue
122.jpg,http://cdn.memegenerator.net/instances/250x250/37023141.jpg,bomb
123.jpg,http://abcnews.go.com/images/Technology/ht_facebook_meme_kb_130419_mn.jpg,manhunt
1236.jpg,http://cdn.memegenerator.net/instances/400x/37045408.jpg,city
124.jpg,http://cdn.memegenerator.net/instances/250x250/37024860.jpg,violent
1248.jpg,http://ct.fra.bz/ol/fz/sw/i54/2/1/30/frabz-The-battle-Sir-is-not-to-the-strong-alone-it-is-to-the-vigilant--353032.jpg,reflection
127.jpg,http://cdn.memegenerator.net/instances/250x250/37043695.jpg,
1274.jpg,http://25.media.tumblr.com/8836aabae22deb2c5798215b47cafbc6/tumblr_mlfdv1a7Im1qdq2bfo1_500.jpg,strong
128.jpg,http://media.cagle.com/49/2013/04/16/130336_600.jpg,terrorism
1293.jpg,http://24.media.tumblr.com/abae14fcc39342551e96483b9cd16a58/tumblr_mldsnvG5MT1r3ymgko1_500.jpg,inspirational
13.jpg,http://global3.memecdn.com/boston-marathon-twitter-suspect_o_1308009.jpg,clue
1302.jpg,http://whatdoumeme.com/media/created/ziilsm.jpg,"strong, city"
1303.jpg,http://uppercornerhockey.com/wp-content/uploads/2013/04/support_boston_meme_screen.jpg,strong
1306.jpg,http://cdn.memegenerator.net/instances/400x/37115566.jpg,strong
131.jpg,http://i0.kym-cdn.com/photos/images/masonry/000/532/326/a01.jpg,manhunt
1310.jpg,http://cdn.wl.uproxx.com/wp-content/uploads/2013/05/boston-strong-ribbon.png,strong
1314.jpg,http://sphotos-a.xx.fbcdn.net/hphotos-prn1/p480x480/17194_10151568508253276_111988709_n.jpg,strong
1316.jpg,http://theartofthecookie.com/wp-content/uploads/2013/04/Boston-Strong-Cookies.jpg,strong
1319.jpg,http://www.threadsquad.com/products/square/1029522.png,strong
132.jpg,http://cdn.memegenerator.net/instances/400x/37087412.jpg,blame
1321.jpg,http://www.threadsquad.com/products/square/1029523.png,strong
133.jpg,http://media.cagle.com/127/2013/04/19/130522_600.jpg,terrorism
135.jpg,http://media.cagle.com/90/2013/04/16/130308_600.jpg,violent
1350.jpg,http://blog.pe.com/john-hunneman/files/2013/04/Boston-Strong-380x309.jpg,strong
1351.jpg,http://pavementrunner.com/wp-content/uploads/2013/04/Boston-strong-city.jpg,strong city
1352.jpg,http://i2.pcimg.org/blog/wp-content/uploads/2013/04/BostonStrongRibbon.jpg,strong
1354.jpg,http://cbsnewyork.files.wordpress.com/2013/04/boston.jpg?w=300,strong
1356.jpg,http://www.boston.com/sports/marathon/blog/assets_c/2013/04/boston%20wicked%20strong-thumb-607x770-100665.jpg,strong
1357.jpg,http://bloguin.com/puckdrunklove/images/BostonStrong.jpg,strong
1358.jpg,http://www.blisstree.com/wp-content/uploads/2013/04/bostonmarathonbombingsloveboston.jpg,strong
1360.jpg,http://1.cdn.nhle.com/bruins/images/upload/2013/04/boston_strong.jpg,strong
1361.jpg,http://www.thesportsbank.net/core/wp-content/uploads/2013/04/boston-strong-teams.jpg,strong
1362.jpg,http://a.espncdn.com/photo/2013/0417/bos_g_boston-strong_mb_576.jpg,strong
1366.jpg,http://rlv.zcache.com/boston_strong_04_15_13_ribbon_square_sticker-rc0508bae99234dfb93ad6043ed70a216_v9wf3_8byvr_512.jpg,strong
137.jpg,http://cdn.memegenerator.net/instances/250x250/37040351.jpg,race
1380.jpg,http://assets.sbnation.com/assets/2487903/redsox-B-strong.jpg,strong
1381.jpg,http://thisweek.blogs.plymouth.edu/files/2013/04/boston-strong-run.jpg,strong
1382.jpg,http://cdn.theatlantic.com/static/mt/assets/politics/boston%20strong%20full.jpg,violence
139.jpg,http://media.cagle.com/95/2013/04/16/130318_600.jpg,violence
1390.jpg,http://running.competitor.com/files/2013/04/Boston-is-Strong.jpg,strong
1392.jpg,http://www.hercampus.com/sites/default/files/media_crop/67591/public/BostonStrongHC.jpg,strong
1394.jpg,http://i.perezhilton.com/wp-content/uploads/2013/05/boston-strong-concert__oPt.jpg,strong
1396.jpg,http://2.bp.blogspot.com/-wRuxgFSgFOo/UW4Me5QrYQI/AAAAAAAABPs/1Bkr3B7_fqw/s1600/Boston-Strong.jpg,strong
1398.jpg,http://gamedayboston.com/wp-content/uploads/2013/04/boston-strong-logo.png,strong
140.jpg,http://s1.ibtimes.com/sites/www.ibtimes.com/files/styles/v2_article_large/public/2013/04/16/bam.jpeg,strong
1415.jpg,http://rhinoden.com/wp-content/uploads/2013/04/Boston1.jpg,
1417.jpg,http://3.bp.blogspot.com/-kHwXzZ1-C_Q/UW321LaeKhI/AAAAAAAADJ8/UevyELFUezo/s1600/boston+strong.jpg,inspirational
1419.jpg,http://bminusblogs.files.wordpress.com/2013/04/boston-strong.png,strong
142.jpg,http://media.cagle.com/70/2013/04/16/130313_600.jpg,violence
1420.jpg,http://media.katu.com/images/130417_boston_strong_660.jpg,strong
1421.jpg,http://www.metro.us/wp-content/uploads/2013/04/Boston-Strong.jpg,strong
1423.jpg,http://cache1.bigcartel.com/product_images/104465140/B_Strong.jpg,strong
1428.jpg,http://klat.com/sites/default/files/Boston%20Strong%20Bib_2.jpg,strong
1429.jpg,http://www.joelgeistphoto.com/wp-content/uploads/2013/04/Boston-family-wedding-photographer-joelgeistphoto.com7628.jpg,strong
1431.jpg,http://sd.keepcalm-o-matic.co.uk/i/keep-calm-and-boston-strong.png,strong
1436.jpg,http://site.chowdaheadz.com/googleimages/boston-strong-sticker.jpg,strong
144.jpg,http://previous.presstv.ir/photo/20130413/gilyaneh20130413054850503.jpg,
1443.jpg,http://a.espncdn.com/photo/2013/0420/bos_g_boston_strong_b1_300.jpg,strong
1444.jpg,http://farm9.staticflickr.com/8379/8672471781_5aa42be63e_z.jpg,strong
1445.jpg,http://l3.yimg.com/bt/api/res/1.2/z5CjqOK6RRe3b2WQoPqMkg--/YXBwaWQ9eW5ld3M7Y2g9MzYwO2NyPTE7Y3c9NjQwO2R4PTA7ZHk9MDtmaT11bGNyb3A7aD0zNTU7cT04NTt3PTYzMA--/http://media.zenfs.com/en_us/gma/us.abcnews.go.com/ht_newtown_strong_boston_kb_130416_wmain.jpg,strong
145.jpg,http://media.cagle.com/118/2013/04/16/130325_600.jpg,violence
1454.jpg,http://shrewsbury.net/wp-content/uploads/2013/04/Boston-Strong1.jpg,strong
1458.jpg,http://media.10news.com/photo/2013/04/20/boston_strong_sign_1366479615443_404094_ver1.0_640_480.jpg,strong
1476.jpg,http://cache1.bigcartel.com/product_images/104465140/B_Strong.jpg,strong
1477.jpg,http://www.bostonmagazine.com/wp-content/uploads/2013/04/Boston-Strong-Bus.jpg,strong
1478.jpg,http://www.cw56.com/images/news_articles/320x180/130419_Boston_Strong_Sports_logos_Boston_Marathon.jpg,strong
1479.jpg,http://sendbostonlove.com/wp-content/uploads/2013/04/BstrongGroup.jpg,strong
1482.jpg,http://www.gannett-cdn.com/media/USATODAY/USATODAY/2013/04/19/4-19-boston-x-large.jpg,strong
1485.jpg,http://a1.espncdn.com/photo/2013/0427/mma_ufc159_15.jpg,strong
1486.jpg,http://www.boston.com/yourtown/news/holliston_boston_strong.jpg,strong
1488.jpg,http://best-facebook-covers.com/wp-content/uploads/2013/04/boston-strong-teams.jpg,strong
1490.jpg,http://wac.9ebf.edgecastcdn.net/809EBF/ec-origin.boston.barstoolsports.com/files/2013/04/bostonstrongtrade.jpg,strong
1493.jpg,http://www.flag-post.com/wp-content/uploads/2013/04/Boston-Strong.bmp,strong
1495.jpg,http://media.masslive.com/republican/photo/2013/04/12592736-standard.jpg,pray
1496.jpg,http://www.bostonglobe.com/rf/image_r/Boston/2011-2020/2013/04/21/BostonGlobe.com/Business/Images/greenhouse_22bombings-4.r.jpg,pray
1497.jpg,http://fc01.deviantart.net/fs70/f/2013/118/e/b/boston_strong_by_wolverine080976-d63dr5p.png,strong
1498.jpg,http://www.wcsh6.com/images/300/169/2/assetpool/images/130421084245_strong.jpg,strong city
15.jpg,http://i2.kym-cdn.com/photos/images/original/000/531/912/828.jpg,clue clue
150.jpg,http://cdn.memegenerator.net/instances/250x250/37024829.jpg,race
1509.jpg,http://www.youmotorcycle.com/images/stories/2013/boston_marathon_stay_strong.jpg,strong
1515.jpg,http://mediad.publicbroadcasting.net/p/demowgbh/files/201305/Boston-Marathon-Boston-Strong-Custom-Nike-Elite-Socks-2_1024x1024.png,strong
1516.jpg,http://site.chowdaheadz.com/googleimages/boston-strong.jpg,strong
1517.jpg,http://i.imgur.com/EanD6dm.jpg,strong
1519.jpg,http://lifeisnowshop.com/wp-content/uploads/2013/04/boston-strong_americaproud_04182013_resize.jpg,strong
1520.jpg,http://media.masslive.com/celtics_impact/photo/boston-strongjpg-285d79e8dd686ceb.jpg,strong
1521.jpg,https://sphotos-a.xx.fbcdn.net/hphotos-ash3/66823_524975770878248_953931577_n.png,strong
1522.jpg,http://gothamist.com/attachments/jen/2013_04_bostonstrong.jpg,strong
1525.jpg,http://external.ak.fbcdn.net/safe_image.php?d=AQBafFBTkwzMGUs4&url=http%3A%2F%2Fi4.ytimg.com%2Fvi%2Fo6Zs-oMlEyA%2Fmaxresdefault.jpg%3Ffeature%3Dog&jq=100,strong
1526.jpg,http://www.joelgeistphoto.com/wp-content/uploads/2013/04/Boston-family-wedding-photographer-joelgeistphoto.com7928.jpg,strong
1529.jpg,http://media.kickstatic.com/kickapps/images/61862/photos/PHOTO_18954526_61862_46717904_ap.jpg,strong
1530.jpg,http://www.3balls.com/images/love/small-spot-boston-strong.png,strong
1531.jpg,http://gamedayboston.com/wp-content/uploads/2013/04/b-strong-shirt.png,strong
1533.jpg,http://ctrla.lt/wp-content/uploads/2013/04/Boston_Love_strong_CtrlAltDesign_001.png,strong
1537.jpg,http://media.kickstatic.com/kickapps/images/63455/photos/PHOTO_18944224_63455_43371145_ap.jpg,strong
1542.jpg,http://media.kickstatic.com/kickapps/images/61862/photos/PHOTO_18950126_61862_19118949_ap.jpg,strong
1548.jpg,http://i1.wp.com/runeatrepeat.com/wp-content/uploads/2013/04/Boston-Strong-Run-in-Los-Angeles-_thumb.jpg?resize=604%2C454,strong
1560.jpg,http://funny-videos-chart.com/wp-content/pictures/img_336558_boston-strong-young-beedah.jpg,city
1566.jpg,http://fc05.deviantart.net/fs71/f/2013/105/2/9/boston_strong_by_luvataciousskull-d61v4hf.jpg,strong
1567.jpg,http://running.competitor.com/files/2013/04/Boston-is-Strong-561x421.jpg,strong
1573.jpg,http://cbsboston.files.wordpress.com/2013/04/jonny-gomes.jpg?w=349&h=466,strong
1574.jpg,http://wordstorunby.com/wp-content/uploads/2013/04/strong-boston-square.jpg,strong
1578.jpg,http://cache.boston.com/bonzai-fba/Globe_Photo/2013/04/16/keep-calm-boston__1366088999_4033-1.jpg,pray
158.jpg,https://lh4.googleusercontent.com/-RrH7v-flK-g/UWxqhHHTQ8I/AAAAAAAAhyE/U0Et8KZ7IoU/w497-h373/CU_meme_Pray_Boston.jpg,pray
1580.jpg,http://www.weei.com/sites/default/files/imagecache/full/bostonstrong.jpg,violence
1582.jpg,http://hereandnow.wbur.org/files/2013/05/0502_boston-strong-624x445.jpg,strong
1583.jpg,http://25.media.tumblr.com/68891cd336bd5715de38aa52740665f4/tumblr_mlbo85N67S1qzuh3do1_500.png,
1584.jpg,http://wac.450f.edgecastcdn.net/80450F/961joyfm.com/files/2013/05/boston-strong-358x630.png,strong
1590.jpg,http://media.kickstatic.com/kickapps/images/61862/photos/PHOTO_18947488_61862_22433174_ap.jpg,strong
1592.jpg,http://thisiscosmoscountry.com/wp-content/uploads/2013/04/BostonStrong.jpg,strong
1594.jpg,http://media.10news.com/photo/2013/04/20/boston_red_sox_game_boston_strong_1366478387164_404091_ver1.0_320_240.jpg,strong
16.jpg,http://cdn.memegenerator.net/instances/400x/37031666.jpg,bomb
160.jpg,http://static5.businessinsider.com/image/51706a646bb3f7ca4b000010-960/screen%20shot%202013-04-18%20at%205.48.19%20pm.jpg,
1617.jpg,http://massbuildingtrades.org/sites/massbuildingtrades.org/files/DC35-Boston-Strong.preview%20(1).jpg,strong
1620.jpg,http://meetthematts.com/wp-content/uploads/2013/04/bos_g_boston_strong_b1_600.jpg,strong people
1622.jpg,http://www.huntzman.com/images/Boston_Strong.gif,strong
163.jpg,http://cdn.memegenerator.net/instances/400x/35322480.jpg,race
1634.jpg,http://craigconsidinetcd.files.wordpress.com/2013/04/boston-strong-2.jpg,strong
1636.jpg,http://media.masslive.com/bruins_impact/photo/04-17-13-boston-strong-ribbonjpg-110a398595d160a2.jpg,strong people
1638.jpg,http://media.10news.com/photo/2013/04/20/we-are-all-boston-strong_1366479835176_404096_ver1.0_640_480.jpg,strong people
1639.jpg,http://cbsminnesota.files.wordpress.com/2013/04/boston-strong-minneapolis-run.jpg?w=420&h=562,strong people
1648.jpg,http://www.bostonstrong.us.com/img/boston-police-logo.png,police
1663.jpg,http://i389.photobucket.com/albums/oo337/Kysen411/BostonStrong.jpg,strong people
1664.jpg,http://www.organicrunnermom.com/wp-content/uploads/2013/04/Boston-Strong-2013.jpg,strong people
1666.jpg,http://www.runnersworld.com/sites/default/files/bostonstrong200.jpg,strong people
1668.jpg,http://cache.comcorpusa.com/640/0/crop/nbc33tv/media/boston_strong_tulane_student_the_creole.jpg,strong people
167.jpg,http://i99.photobucket.com/albums/l293/noweasels/544325_442553395837720_1146262718_n_zps4cee10f0.jpg,strong poster
1672.jpg,http://www.iaabo.org/IAABO%20Boston%20Strong%20Logo%20copy.jpg,strong poster
1677.jpg,http://a.abcnews.com/images/US/ap_boston_strong_dm_130422_wb.jpg,strong people
168.jpg,http://i.qkme.me/3txg76.jpg,race
1684.jpg,http://wp.streetwise.co/wp-content/uploads/2013/04/bjzinc-boston-bostonstrong-bostoncommon-bostonlove.jpg,
1685.jpg,http://massagemag.com/massage-blog/marketing-with-every-touch/files/2013/04/boston-strong-21.jpg,strong poster
1686.jpg,http://ww1.prweb.com/prfiles/2013/05/03/10700925/OneHeart.JPG,strong poster
169.jpg,http://wac.450f.edgecastcdn.net/80450F/961wodz.com/files/2013/04/Boston-Marathon-Facebook-Photos1-630x630.jpg,pray
1690.jpg,http://rlv.zcache.com/boston_strong_customized_stationery-re7fd9bda96bd4009ad99c651f275275a_vg6ke_8byvr_216.jpg,strong poster
175.jpg,http://cdn-www.i-am-bored.com/media/boston-mara-IDed.jpg,clue
177.jpg,http://media.cagle.com/163/2013/04/17/130387_600.jpg,race
178.jpg,http://philosophers-stone.co.uk/wordpress/wp-content/uploads/2013/04/images93.jpg,
180.jpg,http://media.cagle.com/89/2013/04/15/130291_600.jpg,police
187.jpg,http://cdn.memegenerator.net/instances/250x250/37033812.jpg,
19.jpg,http://cdn.memegenerator.net/instances/400x/37059480.jpg,policy
190.jpg,http://i176.photobucket.com/albums/w194/orphia/vogt_zpsa65133c7.jpg,police
196.jpg,http://cdn.memegenerator.net/instances/250x250/37129849.jpg,bomb
199.jpg,http://i3.kym-cdn.com/photos/images/original/000/532/448/e84.png,shame
2.jpg,http://s1.ibtimes.com/sites/www.ibtimes.com/files/styles/v2_article_large/public/2013/04/16/fredmeme.jpg,reflection
20.jpg,http://graphics8.nytimes.com/packages/images/newsgraphics/2013/0415-boston-explosion/boston-explosion-1.png,clue
200.jpg,http://i3.kym-cdn.com/photos/images/original/000/530/714/d0f.jpg,international
21.jpg,http://i1.kym-cdn.com/photos/images/original/000/531/240/af8.gif,clue
213.jpg,http://media.cagle.com/171/2013/04/27/130901_600.jpg,policy
218.jpg,http://cdn-www.i-am-bored.com/media/boston-marathon-woman.jpg,clue
22.jpg,http://media.cagle.com/205/2013/04/16/130332_600.jpg,violence
224.jpg,http://cdn.memegenerator.net/instances/250x250/37061176.jpg,irony
227.jpg,http://cdn.memegenerator.net/instances/400x/33219741.jpg,
24.jpg,http://i2.kym-cdn.com/photos/images/original/000/532/387/333.jpg,manhunt police
244.jpg,http://media.cagle.com/124/2013/04/20/130573_600.jpg,inspire
248.jpg,http://cdn.memegenerator.net/instances/250x250/37042501.jpg,shame
254.jpg,http://cdn.memegenerator.net/instances/250x250/37034430.jpg,bomb
255.jpg,http://beforeitsnews.com/contributor/upload/82111/images/craft.JPG,clue
258.jpg,http://media.cagle.com/125/2013/04/18/130504_600.jpg,
26.jpg,http://cdn.memegenerator.net/instances/400x/37062905.jpg,race
262.jpg,http://www.u-trail.com/wp-content/uploads/2013/04/image-soutien-mdboston.png,pray
263.jpg,http://cdn.memegenerator.net/instances/250x250/37050332.jpg,irony bomb
281.jpg,http://i.qkme.me/3tx9y7.jpg,international
29.jpg,http://media.cagle.com/53/2013/04/15/130287_600.jpg,police
3.jpg,http://i0.kym-cdn.com/photos/images/original/000/531/195/36e.jpg,violence
30.jpg,http://cdn.memegenerator.net/instances/400x/37022529.jpg,
300.jpg,http://www.slapcaption.com/wp-content/uploads/2013/04/RIP-to-the-8-yr-old-girl-who-died-in-the-Boston-Marathon-explosions.png,inspirational
31.jpg,http://www.radiofreedom.us/wp-content/uploads/2013/04/boston-bombing-meme.png,police manhung
316.jpg,http://pixel.nymag.com/imgs/daily/intelligencer/2013/04/16/16-boston-roof-man.o.jpg/a_560x375.jpg,clue clue
32.jpg,http://global3.memecdn.com/good-guy-boston-bomber_o_1327303.jpg,manhunt
33.jpg,http://i0.kym-cdn.com/photos/images/newsfeed/000/532/321/306.jpg,clue
336.jpg,http://i0.kym-cdn.com/photos/images/original/000/530/776/751.jpg,violence
36.jpg,http://i3.kym-cdn.com/photos/images/original/000/531/414/967.jpg,clue
368.jpg,http://cdn.memegenerator.net/instances/400x/37180354.jpg,strong
369.jpg,http://www.espritrunning.com/images/stories/articles2013/avril/hommage-marathon-boston-yann.jpg,strong
37.jpg,http://global3.memecdn.com/breaks-the-finish_c_1323323.jpg,race
377.jpg,http://wac.450f.edgecastcdn.net/80450F/961wodz.com/files/2013/04/Boston-Marathon-Facebook-Photos.jpg,pray
382.jpg,http://wac.450f.edgecastcdn.net/80450F/961wodz.com/files/2013/04/Boston-marathon-Facebook-cover-photo-630x456.jpg,pray
383.jpg,http://thecount.com/wp-content/uploads/18.1n004.boston2.C-300x3001.jpg,clue
384.jpg,http://gamedayr.wpengine.netdna-cdn.com/wp-content/uploads/2013/04/boston-bruins-tribute-to-boston-marathon.png,strong poster
385.jpg,http://media.cagle.com/14/2013/04/16/130322_600.jpg,violence
39.jpg,http://media.cagle.com/99/2013/04/16/130321_600.jpg,bomt
390.jpg,http://cdn.hsmemes.com/2013/4/16/a2c5e0ac22350c4e33d398d1f12e8c8a.jpg,bomb
392.jpg,http://i1.kym-cdn.com/photos/images/original/000/544/234/126.png,manhunt
393.jpg,http://www.boston.com/ae/radio/blog/profilepic.jpg,strong
4.jpg,http://cdn.memegenerator.net/instances/400x/37035270.jpg,international
41.jpg,http://cdn.memegenerator.net/instances/400x/37045913.jpg,meme
42.jpg,http://media.cagle.com/39/2013/04/15/130295_600.jpg,race
427.jpg,http://25.media.tumblr.com/1c8d2bcd2c3853684b11dc5b6daf6cbf/tumblr_mlbi62YcPZ1ry7hzeo1_1280.png,pray
429.jpg,http://referentiel.nouvelobs.com/file/5692398-boston-l-echec-flagrant-des-medias-et-de-la-traque-sur-le-web.jpg,clue
43.jpg,http://media.cagle.com/99/2013/04/18/130462_600.jpg,clue
430.jpg,http://i.imgur.com/TR4ce80.jpg,irony
432.jpg,http://caglepost.caglecartoonsinc.netdna-cdn.com/wp-content/uploads/2013/04/boston_marathon_160_148.jpg,violence
44.jpg,http://cdn.memegenerator.net/instances/400x/37138346.jpg,city
440.jpg,http://media.cagle.com/91/2013/04/26/130858_600.jpg,
446.jpg,http://media.cagle.com/174/2013/04/17/130434_600.jpg,international
45.jpg,http://www.radiofreedom.us/wp-content/uploads/2013/04/boston-bombing-meme-5.png,manhunt police
46.jpg,http://postmediacanadadotcom.files.wordpress.com/2012/07/dexter-memes_page_1-e1341511411603.jpg?w=680,irony
465.jpg,http://sphotos-a.xx.fbcdn.net/hphotos-prn1/p480x480/547169_141939795987920_1922508121_n.jpg,strong
470.jpg,http://www.spi0n.com/wp-content/uploads/2013/04/poseur-bombe-fbi-boston-marathon.jpg?bc49e2,clue
474.jpg,http://media.cagle.com/34/2013/04/15/130303_600.jpg,
478.jpg,http://media.cagle.com/96/2013/04/16/130362_600.jpg,police
48.jpg,http://i2.kym-cdn.com/photos/images/original/000/531/100/015.jpg,violent
484.jpg,http://referentiel.nouvelobs.com/file/5675404-attentat-de-boston-le-web-traque-le-poseur-de-bombes.jpg,clue
5.jpg,http://cdn.memegenerator.net/instances/400x/37028579.jpg,
504.jpg,http://cdn.memegenerator.net/instances/400x/37027779.jpg,clue
508.jpg,http://wac.9ebf.edgecastcdn.net/809EBF/ec-origin.boston.barstoolsports.com/files/2013/04/3tzzy9.jpg,manhunt police
510.jpg,http://therunfactorydotcom.files.wordpress.com/2013/04/mila-kunis-jeff-meme.jpg,
522.jpg,http://images.huffingtonpost.com/2013-04-17-130417_delucq_precaution_pt-thumb.jpg,international
528.jpg,http://sphotos-a.xx.fbcdn.net/hphotos-prn1/p480x480/552805_601672126512224_2075468005_n.jpg,clue
530.jpg,http://thecount.com/wp-content/uploads/MarathonBombBeforeAndAfter2-11.jpg,clue
531.jpg,https://i.chzbgr.com/maxW500/7349181696/h21ABD80F/,clue
551.jpg,http://blog.spreadshirt.net/us/files/2013/04/BOSTON-AD3.jpg,strong
554.jpg,http://wac.9ebf.edgecastcdn.net/809EBF/ec-origin.boston.barstoolsports.com/files/2013/04/3tzzwk.jpg,police
569.jpg,http://media.cagle.com/207/2013/04/19/130542_600.jpg,terrorism
571.jpg,http://www.lyoncapitale.fr/var/plain_site/storage/images/media/afp/des-fleurs-deposees-sur-le-lieu-de-l-attentat-en-hommage-a-un-etudiant-tue-le-17-avril-2013-a-boston/2061929-1-fre-FR/Des-fleurs-deposees-sur-le-lieu-de-l-attentat-en-hommage-a-un-etudiant-tue-le-17-avril-2013-a-Boston_univers-grande.jpg,strong
572.jpg,http://1.bp.blogspot.com/-N_X5EpdDCNA/UZAE5qhOHyI/AAAAAAAAW8k/KY4stbxkvMw/s1600/Boston+Bomber+Cute.jpg,manhunt
574.jpg,http://referentiel.nouvelobs.com/file/5711457-nous-finirons-la-course-la-une-emouvante-du-boston-magazine.jpg,strong
578.jpg,http://blogs.wickedlocal.com/brookline/files/2013/04/BrooklinePoliceWithMilk_20131.jpg,police
582.jpg,http://juliecatoune.files.wordpress.com/2013/04/attentat-marathon-boston-21.png?w=580&h=561,inspirational
592.jpg,http://wac.450f.edgecastcdn.net/80450F/961wodz.com/files/2013/04/Pray-For-Boston-1.jpg,pray
593.jpg,http://media.cagle.com/81/2013/04/19/130536_600.jpg,
594.jpg,http://www.directmatin.fr/sites/default/files/styles/image_630/public/attentats_a_boston_19208_hd.jpg,clue
617.jpg,http://media.cagle.com/124/2013/04/18/130512_600.jpg,
622.jpg,http://media.cagle.com/180/2013/04/16/130324_600.jpg,
65.jpg,http://i.qkme.me/3txj47.jpg,meme
67.jpg,http://media.cagle.com/91/2013/04/15/130289_600.jpg,inspirational
68.jpg,http://global3.memecdn.com/boston-marathon_c_1312589.jpg,meme
69.jpg,http://global3.memecdn.com/bad-luck-brian---rip-boston-marathon-bombing-victims_o_1313307.jpg,meme
7.jpg,http://memecrunch.com/meme/JEYE/disguised-as-waldo-kim-jong-un-attends-boston-marathon/image.png,meme
70.jpg,http://i.huffpost.com/gen/1095464/thumbs/s-PHOTO_BOSTON-large640.jpg?6,clue
71.jpg,http://media.cagle.com/127/2013/04/17/130436_600.jpg,violence
712.jpg,http://i0.kym-cdn.com/photos/images/masonry/000/532/233/767.png,clue
720.jpg,http://www.secretsofthefed.com/wp-content/uploads/2013/04/FALSE-FLAG-TERROR-BOSTON-MARATHON-MEME-300x256.jpg,clue
722.jpg,http://cdn.smosh.com/sites/default/files/bloguploads/meme-internet-broom.jpg#broom%20weapon%20gif%20384x400,
723.jpg,http://i1.kym-cdn.com/photos/images/masonry/000/532/100/cbb.jpg,meme
724.jpg,http://t.qkme.me/3tzt1d.jpg,police
725.jpg,http://t.qkme.me/3tzvwc.jpg,police
74.jpg,http://media.cagle.com/10/2013/04/17/130399_600.jpg,violence
76.jpg,http://media.cagle.com/137/2013/04/19/130548_600.jpg,violence
78.jpg,http://global3.memecdn.com/rmx-boston-marathon-bombing_c_1308307.jpg,meme
79.jpg,http://cdn.theatlantic.com/static/mt/assets/bobwright/dronesbanner.jpg,violence
824.jpg,http://i.qkme.me/3qzu73.jpg,police
85.jpg,http://global3.memecdn.com/rip-boston-marathon-bombing-victims_o_1308311.jpg,meme
86.jpg,http://powerpointparadise.com/blog/wp-content/uploads/2013/04/Bostonbombing.jpg,clue
88.jpg,http://cdn.memegenerator.net/instances/400x/37064754.jpg,race
89.jpg,http://cdn.memegenerator.net/instances/250x250/37143903.jpg,terrorism
9.jpg,http://memecrunch.com/meme/JJ9I/boston-marathon/image.png,irony
91.jpg,http://www.crownhill.org/blog/wp-content/uploads/2013/04/MarathonRooseveltMeme.jpg,strong
92.jpg,http://cdn.memegenerator.net/instances/250x250/37027736.jpg,race
93.jpg,http://alongwaytoboston.files.wordpress.com/2012/11/aaa.jpg?w=812,inspirational
94.jpg,http://media.cagle.com/91/2013/04/18/130459_600.jpg,
943.jpg,http://www.wbaltv.com/image/view/-/16272258/highRes/2/-/maxh/480/maxw/640/-/tjixp8z/-/Charlie-Crist-jpg.jpg,police manhunt
946.jpg,http://farm6.static.flickr.com/5013/5467741108_1d326ba988.jpg,police manhunt
99.jpg,http://www.u-trail.com/wp-content/uploads/2013/04/soutien.png,strong
965.jpg,...,manhunt